escenario,tasa_base,A_rebote_bajo_agua,A_rebote_bajo_agua_tasa,A_rebote_bajo_agua_ci_lo,A_rebote_bajo_agua_ci_hi,B_ganadora_infraponderada,B_ganadora_infraponderada_tasa,B_ganadora_infraponderada_ci_lo,B_ganadora_infraponderada_ci_hi,C_perdedora_sobreponderada,C_perdedora_sobreponderada_tasa,C_perdedora_sobreponderada_ci_lo,C_perdedora_sobreponderada_ci_hi
Nulo,0.014966461408928414,-0.00031202837114045203,0.014961310381134962,0.014737089310283164,0.01520764438318501,-0.0006684767490186697,0.014956157502433962,0.014754262852002499,0.015150264110198918,-0.0006666215392275627,0.014956124759107153,0.014755755788830838,0.015175871863908353
Disposicion baja,0.014980390228116102,-0.37809026932928375,0.010263556365072746,0.010027211368386357,0.010492175023736085,0.2637972523351901,0.0195021944705226,0.01929187993262665,0.019711180954186735,-0.3698783071214858,0.010348341685959201,0.010150640312854526,0.010550156713232306
Disposicion alta,0.008246648663703848,-1.0152227388198034,0.0029876565312509443,0.002867460184335108,0.0031050214005970784,1.1799924414445464,0.026836899943575826,0.026476801902048035,0.027175710492149494,-1.0109795011588356,0.0030004127849128518,0.0028934665862179573,0.0031113631556165546
Rotacion baja,0.03312213111873018,0.00021823877599708153,0.033128583060397725,0.03255076413752427,0.0337694448854915,0.002108526258997624,0.03319186519998624,0.0327261650327742,0.033664780064005854,0.014465910105750365,0.03360429128958545,0.03306764592514784,0.03414096972079966
Rotacion alta,0.06286842027652488,-0.0043024588730228115,0.06259778297433707,0.06194554319754226,0.06325820598805276,0.002190114785734828,0.06300604580919736,0.06254952138483176,0.06351107111570957,-0.0002374766955717453,0.06285316809392306,0.06232681879071414,0.06340081830440564
Ambos activos,0.037821176482271825,-1.135475393942995,0.012150453843208914,0.01174884702860963,0.01254892154153467,1.09720373081781,0.11330349551630653,0.11238038698313049,0.11423128267044981,-1.1139683495156887,0.012414718660113675,0.012027365777434238,0.012851511799802413
Confound rebalanceo,0.004862563586128541,-0.9240812101494591,0.001927995584268178,0.0017561742920510978,0.002110003732923004,-6.461803818264756,0.0,0.0,0.0,5.3260745969780885,1.0,1.0,1.0
Confound reversion,0.019528150528440147,0.8094919709995738,0.04387479561900529,0.0435235118741111,0.04425092251458709,0.42999578122595694,0.03001934359441173,0.029726959548767435,0.030311217486904712,-0.3512134713990094,0.013744272716513658,0.013572908772953543,0.013904828749308196
Poblacion heterogenea,0.03590486185038978,-0.6779287038144043,0.018227322413596633,0.017212743886681054,0.01913570315309524,0.6095058892656614,0.06604750445810048,0.06417397789554671,0.06792368007663183,-0.5565662447351064,0.020579465215755013,0.01949849213644063,0.02157922748499964
