#,escenario,clave,delta_iny_media,delta_iny_sd,kappa_iny_media,kappa_iny_sd,PGR,SE_PGR,PLR,SE_PLR,PGR_menos_PLR,SE_boot,z,p,PGR_sobre_PLR,delta_hat,SE_delta_hat,error_recuperacion,delta_hat_por_agente,beta_gross,SE_beta_gross,p_beta_gross,beta_net,SE_beta_net,p_beta_net,beta_iv_net,SE_beta_iv_net,F_primera_etapa,corr_delta_kappa,corr_delta_turnover,corr_kappa_turnover,turnover_medio,retorno_neto_medio
1,Nulo,esc1_nulo,0.0,0.0,0.0,0.0,0.05752133964407183,0.000550024529954954,0.05731618690136806,0.0005409298270651436,0.00020515274270376666,0.0003073424640537145,0.6675053619271821,0.5044493858741897,1.0035793159628152,0.001969597487585077,0.002869290233843656,0.001969597487585077,0.0002508437329902074,0.008139434143243196,0.009156876298738984,0.37406346990841544,0.005272753447511528,0.009128869100672354,0.5635402243642107,,,,,,,3.0714803888984563,-0.16600986647449947
2,Disposicion baja,esc2_disposicion_baja,0.3049691559661709,0.10499529154165434,0.0,0.0,0.07003106887201038,0.0006622603515391632,0.040649963194198314,0.0004339691217773836,0.029381105677812068,0.0005304070200698941,55.39350831733032,0.0,1.7227830819292211,0.3031497662508085,0.004420586169889679,-0.0018193897153624405,0.30287916612131377,0.048680864043159036,0.009297380826085,1.6411516688613138e-07,0.045354026204962414,0.009323035179597214,1.1461457023034757e-06,,,,,-0.07848050129939735,,3.074253980039547,0.042257821234759775
3,Disposicion alta,esc3_disposicion_alta,0.7996926481639853,0.08523816040242607,0.0,0.0,0.1192423754007056,0.0011433049423179977,0.022122105325367604,0.00030961091445993967,0.097120270075338,0.0010614854399157586,91.49467945885874,0.0,5.390191107352218,0.7993507494427714,0.0033408050933067717,-0.00034189872121392906,0.7954028848203437,0.061702317640584835,0.00573112108529144,4.971704666597749e-27,0.0589502203920031,0.00571853070826814,6.441259536115533e-25,,,,,-0.550147104481449,,1.9764875483225588,-0.18540688150872653
4,Rotacion baja,esc4_rotacion_baja,0.0,0.0,0.30149078087428194,0.1007341106455732,0.06827529667055643,0.0005668019789159326,0.06881513580930765,0.0005886869825041873,-0.0005398391387512191,0.0002584982325986278,-2.0883668461649854,0.0367647557626672,0.9921552267186226,-0.0063069763560869305,0.001959032893338201,-0.0063069763560869305,-0.00038814601725499655,0.0012735851177150537,0.0033841772678450495,0.706667694161619,-0.002747102615623282,0.0034062708723418583,0.41996388790452976,-0.004341340934926885,0.0037233289424025403,3662.6598789551376,,,0.8938946380507333,6.207309867416478,0.40271636157647095
5,Rotacion alta,esc5_rotacion_alta,0.0,0.0,0.7988350301386249,0.08516094220724897,0.08918155824258925,0.0005503217790767317,0.08919465435009513,0.0005437413281724711,-1.3096107505883303e-05,0.00022733024970498705,-0.05760829244184835,0.9540606442316053,0.9998531738521629,-0.0002979612520788856,0.0013213294198556763,-0.0002979612520788856,-0.0005197872927556182,-0.002418033061848964,0.0029333061090667796,0.409748041842785,-0.00585655145653135,0.0029110122235263573,0.044234609879762035,-0.006319339239394695,0.003642323564998043,1533.9580056127888,,,0.7732977819682344,11.253655305207426,-0.040025180399759205
6,Ambos activos,esc6_ambos_activos,0.7986134237875943,0.08999544525146913,0.8020413251727939,0.0867440735766097,0.17655838914918817,0.001166845869841309,0.02751151761675816,0.0003466102237920396,0.14904687153243001,0.0011898655062969022,125.26362916115913,0.0,6.417617217948046,0.8014621009127805,0.003099691948512739,0.0028486771251862164,0.7983081425110609,0.006557372450360492,0.0022525556175418755,0.0036018032847798787,0.0027935985103507196,0.002242998178978399,0.21295714165663493,-0.011980847451365788,0.0054581644244603884,175.2634451905567,-0.03576508337805112,-0.7919980323963847,0.37811217699643795,6.865041582475853,-0.06983433823322135
7,Confound rebalanceo,esc7_confound_rebalanceo,0.0,0.0,0.0,0.0,0.05069827217672498,0.0005136552956564814,0.03835034463306715,0.000464821707881374,0.012347927543657829,0.000704972108934698,17.515483786042413,1.0915406867310794e-68,1.3219769642698587,0.1620202780872992,0.008332648169530627,0.1620202780872992,0.20392378147917378,0.2672348029054312,0.09996183660431518,0.007509376081370005,0.2534490373911931,0.09999559757222473,0.011257516144356315,,,,,,,0.7323909840257901,1.0250023291850998
8,Confound reversion,esc8_confound_reversion,0.0,0.0,0.0,0.0,0.0882786437155071,0.0007507041143229314,0.04737053585972974,0.00041048006391051616,0.040908107855777365,0.00045224189624871455,90.45625404259224,0.0,1.8635770550899307,0.37641185574924574,0.0019219357300255275,0.37641185574924574,0.37627483862826855,0.061782546157142834,0.0077632755825699,1.7440632031489925e-15,0.05958350374069303,0.007735968333986152,1.3380717121071553e-14,,,,,,,3.9383297327465314,-0.09264632193592132
9,Poblacion heterogenea,esc9_heterogeneo,0.49807187236658307,0.283178345397813,0.5008362520634336,0.29061556842983427,0.11928751884168737,0.0014105025554706518,0.04608851776910143,0.0007875268513430078,0.07319900107258594,0.001861015604057988,39.332824997798944,0.0,2.588226409000722,0.511965545896533,0.01064417507209222,0.013893673529949913,0.491602045825408,0.0013613021697683801,0.0009954672798609479,0.17146842815919816,-0.0026274367603281975,0.0010033926612613114,0.008830359965698465,-0.0042607391831671615,0.0013670414469675045,860.350220935832,0.023862632721138054,-0.483751564012466,0.7875029831357795,6.653969430081457,-0.08810161488359518
