#,escenario,beta_hacia_atras,t_hacia_atras,beta_ols_gross,beta_iv_gross,brecha_gross,beta_ols_net,beta_iv_net,brecha_net,placebo_media,placebo_sd,placebo_ci_lo,placebo_ci_hi,observado_fuera_banda,cash_weight_medio,cash_drag_desplazamiento,spread_pendiente_obs,spread_pendiente_teorica,spread_error_rel,peso_comisiones,tasa_base_venta,A_rebote_bajo_agua_tasa,A_rebote_bajo_agua_log_ratio,B_ganadora_infraponderada_tasa,B_ganadora_infraponderada_log_ratio,C_perdedora_sobreponderada_tasa,C_perdedora_sobreponderada_log_ratio
1,Nulo,0.14296110477687307,0.894517670466371,0.008139434143243196,,,0.005272753447511528,,,-0.0005531043394611787,0.007033130118524262,-0.01534566296358565,0.014219437926527481,False,0.005009848520023372,-0.00026176573163240284,0.0018892558247952367,0.0018873068010748285,0.0010327010527902837,0.5249663292735341,0.014966461408928414,0.014961310381134962,-0.00031202837114045203,0.014956157502433962,-0.0006684767490186697,0.014956124759107153,-0.0006666215392275627
2,Disposicion baja,0.7311452798176674,5.1203504522158525,0.048680864043159036,,,0.045354026204962414,,,-0.0006594897386521069,0.0069072921201948035,-0.012341559652607201,0.013678251203102851,True,0.004811071658996369,0.00013256669438242719,0.0023565022966512764,0.002206916684277516,0.06778036227621828,0.5094151059459919,0.014980390228116102,0.010263556365072746,-0.37809026932928375,0.0195021944705226,0.2637972523351901,0.010348341685959201,-0.3698783071214858
3,Disposicion alta,2.0605873046762895,10.779073244191233,0.061702317640584835,,,0.0589502203920031,,,-0.00017384073397881797,0.005212750838564559,-0.010345751131446854,0.00960050201474264,True,0.003346765869303745,-0.0006894187148042893,0.0019682629050670718,0.0018025937815762969,0.09190596638245574,0.5328911709104573,0.008246648663703848,0.0029876565312509443,-1.0152227388198034,0.026836899943575826,1.1799924414445464,0.0030004127849128518,-1.0109795011588356
4,Rotacion baja,0.09584735670671307,0.3764388576208069,0.0012735851177150537,1.933414547139467e-05,0.001254250972243659,-0.002747102615623282,-0.004341340934926885,0.001594238319303603,-0.00017017013663157357,0.0036327592631375583,-0.006771808066485659,0.006205017667300146,False,0.007251586995623144,-0.0025781626371563656,0.0023471071925879614,0.002400759265434108,0.02234796033847449,0.48156591757165734,0.03312213111873018,0.033128583060397725,0.00021823877599708153,0.03319186519998624,0.002108526258997624,0.03360429128958545,0.014465910105750365
5,Rotacion alta,-0.3153417661179603,-0.8230880230119838,-0.002418033061848964,-0.002548090999752462,0.00013005793790349818,-0.00585655145653135,-0.006319339239394695,0.0004627877828633454,5.285409434936014e-05,0.0027915521337527533,-0.00591309269927932,0.005326605196651232,False,0.009212404499524244,-0.00014288541080589206,0.001965710140918955,0.002048342873911928,0.0403412602672133,0.5011748739214278,0.06286842027652488,0.06259778297433707,-0.0043024588730228115,0.06300604580919736,0.002190114785734828,0.06285316809392306,-0.0002374766955717453
6,Ambos activos,1.4702907809590329,2.995246450660436,0.006557372450360492,-0.008109166856553864,0.014666539306914354,0.0027935985103507196,-0.011980847451365788,0.014774445961716507,1.936977874492566e-05,0.0018639623191181373,-0.0036804623563968055,0.0036481140750683687,False,0.007017742187601787,0.0004908917508545697,0.001972671490168389,0.001950280810473759,0.01148074655423126,0.5399966085661195,0.037821176482271825,0.012150453843208914,-1.135475393942995,0.11330349551630653,1.09720373081781,0.012414718660113675,-1.1139683495156887
7,Confound rebalanceo,0.026256362155805846,2.663237542678248,0.2672348029054312,,,0.2534490373911931,,,-0.0037102999997556075,0.04708978452587534,-0.09005147644149303,0.0884546088284139,True,0.008466622770275531,-0.0877657699892031,0.002766991645116399,0.002884094670966058,0.04060304504859899,0.5636361216400058,0.004862563586128541,0.001927995584268178,-0.9240812101494591,0.0,-6.461803818264756,1.0,5.3260745969780885
8,Confound reversion,1.3827813459861318,8.448375093514311,0.061782546157142834,,,0.05958350374069303,,,-5.106815716960577e-05,0.006978787510161548,-0.013157509883355548,0.01282153593946635,True,0.005454124878187491,0.0014016271012232268,0.0020771181191160913,0.0018584894972825433,0.11763780325539833,0.5242906811866406,0.019528150528440147,0.04387479561900529,0.8094919709995738,0.03001934359441173,0.42999578122595694,0.013744272716513658,-0.3512134713990094
9,Poblacion heterogenea,1.2439695479860688,1.3825346161927223,0.0013613021697683801,-3.679821703082842e-05,0.0013981003867992085,-0.0026274367603281975,-0.0042607391831671615,0.001633302422838964,-2.1043739910453096e-05,0.0008197440756260451,-0.0016758451938253278,0.0013886803233097442,True,0.007005165998177467,-0.0005277815884722465,0.0018153139464912576,0.0018321202450653495,0.009173141675257505,0.5404438910380203,0.03590486185038978,0.018227322413596633,-0.6779287038144043,0.06604750445810048,0.6095058892656614,0.020579465215755013,-0.5565662447351064
